repository,url,age,releases,stars,loc,cbo,dit,lcom,visited
Snailclimb/JavaGuide,https://github.com/Snailclimb/JavaGuide,4,0,131757,0,,,,False
iluwatar/java-design-patterns,https://github.com/iluwatar/java-design-patterns,8,0,80199,32513,3.0,6.0,0.0,True
MisterBooo/LeetCodeAnimation,https://github.com/MisterBooo/LeetCodeAnimation,4,0,72472,69,1.0,1.0,0.0,True
doocs/advanced-java,https://github.com/doocs/advanced-java,4,1,69010,0,,,,False
spring-projects/spring-boot,https://github.com/spring-projects/spring-boot,10,163,66035,311759,4.0,13.0,0.0,True
macrozheng/mall,https://github.com/macrozheng/mall,4,2,64043,100638,3.0,4.0,13.0,True
elastic/elasticsearch,https://github.com/elastic/elasticsearch,13,108,62982,1910283,5.0,176.0,1.0,True
GrowingGit/GitHub-Chinese-Top-Charts,https://github.com/GrowingGit/GitHub-Chinese-Top-Charts,3,0,60382,5,0.0,1.0,0.0,True
kdn251/interviews,https://github.com/kdn251/interviews,6,0,59328,5622,1.0,2.0,0.0,True
spring-projects/spring-framework,https://github.com/spring-projects/spring-framework,12,249,51026,650929,3.0,60.0,0.0,True
TheAlgorithms/Java,https://github.com/TheAlgorithms/Java,6,0,50637,28925,2.0,4.0,1.0,True
google/guava,https://github.com/google/guava,8,35,46952,261456,2.0,66.0,0.0,True
ReactiveX/RxJava,https://github.com/ReactiveX/RxJava,10,231,46860,369970,1.0,26.0,0.0,True
square/retrofit,https://github.com/square/retrofit,12,0,41253,26747,3.0,16.0,0.0,True
apache/dubbo,https://github.com/apache/dubbo,10,74,38521,200669,3.0,10.0,0.0,True
NationalSecurityAgency/ghidra,https://github.com/NationalSecurityAgency/ghidra,4,26,37811,1677457,4.0,60.0,1.0,True
PhilJay/MPAndroidChart,https://github.com/PhilJay/MPAndroidChart,8,44,36212,21111,5.0,6.0,1.0,True
jeecgboot/jeecg-boot,https://github.com/jeecgboot/jeecg-boot,4,26,33809,35787,4.0,4.0,0.0,True
airbnb/lottie-android,https://github.com/airbnb/lottie-android,6,44,33671,15944,5.0,6.0,1.0,True
skylot/jadx,https://github.com/skylot/jadx,9,27,33647,103467,3.0,21.0,0.0,True
eugenp/tutorials,https://github.com/eugenp/tutorials,9,0,33579,381876,3.0,11.0,0.0,True
bumptech/glide,https://github.com/bumptech/glide,9,44,33419,57246,4.0,20.0,0.0,True
geekxh/hello-algorithm,https://github.com/geekxh/hello-algorithm,2,0,32108,55,1.0,1.0,0.0,True
Blankj/AndroidUtilCode,https://github.com/Blankj/AndroidUtilCode,6,117,31930,39966,2.0,10.0,0.0,True
alibaba/arthas,https://github.com/alibaba/arthas,4,47,31900,40326,3.0,14.0,1.0,True
dbeaver/dbeaver,https://github.com/dbeaver/dbeaver,7,171,30954,418149,4.0,28.0,1.0,True
netty/netty,https://github.com/netty/netty,12,0,30823,312978,2.0,26.0,0.0,True
zxing/zxing,https://github.com/zxing/zxing,11,29,30752,39611,4.0,6.0,0.0,True
xkcoding/spring-boot-demo,https://github.com/xkcoding/spring-boot-demo,5,0,28920,7154,4.0,5.0,0.0,True
ityouknow/spring-boot-examples,https://github.com/ityouknow/spring-boot-examples,6,0,28640,4847,4.0,2.0,0.0,True
apolloconfig/apollo,https://github.com/apolloconfig/apollo,7,38,27824,26809,6.0,14.0,0.0,True
alibaba/easyexcel,https://github.com/alibaba/easyexcel,5,5,27017,19667,5.0,8.0,1.0,True
crossoverJie/JCSprout,https://github.com/crossoverJie/JCSprout,5,0,26954,4399,1.0,4.0,0.0,True
alibaba/druid,https://github.com/alibaba/druid,11,48,26625,318090,4.0,32.0,0.0,True
halo-dev/halo,https://github.com/halo-dev/halo,4,110,26253,28560,5.0,8.0,0.0,True
SeleniumHQ/selenium,https://github.com/SeleniumHQ/selenium,10,80,26003,90815,3.0,28.0,0.0,True
qiurunze123/miaosha,https://github.com/qiurunze123/miaosha,4,0,25762,8581,3.0,4.0,0.0,True
lenve/vhr,https://github.com/lenve/vhr,5,0,25656,2971,2.0,2.0,6.0,True
alibaba/nacos,https://github.com/alibaba/nacos,4,52,25655,110512,3.0,16.0,0.0,True
JakeWharton/butterknife,https://github.com/JakeWharton/butterknife,10,0,25653,7712,2.0,6.0,0.0,True
dromara/hutool,https://github.com/dromara/hutool,8,129,25619,116522,3.0,11.0,1.0,True
alibaba/fastjson,https://github.com/alibaba/fastjson,11,84,25199,206496,1.0,15.0,0.0,True
alibaba/canal,https://github.com/alibaba/canal,10,26,25190,107662,4.0,13.0,1.0,True
wuyouzhuguli/SpringAll,https://github.com/wuyouzhuguli/SpringAll,4,0,25161,5912,4.0,4.0,0.0,True
proxyee-down-org/proxyee-down,https://github.com/proxyee-down-org/proxyee-down,5,49,25107,3392,4.0,5.0,2.0,True
alibaba/spring-cloud-alibaba,https://github.com/alibaba/spring-cloud-alibaba,5,32,24963,15256,5.0,4.0,0.0,True
hollischuang/toBeTopJavaer,https://github.com/hollischuang/toBeTopJavaer,4,0,24433,0,,,,False
apache/kafka,https://github.com/apache/kafka,11,0,24366,430530,4.0,17.0,0.0,True
greenrobot/EventBus,https://github.com/greenrobot/EventBus,10,7,24275,5269,3.0,12.0,0.0,True
scwang90/SmartRefreshLayout,https://github.com/scwang90/SmartRefreshLayout,5,10,24097,19480,3.0,6.0,0.0,True
xuxueli/xxl-job,https://github.com/xuxueli/xxl-job,7,31,23751,8606,3.0,4.0,0.0,True
CymChad/BaseRecyclerViewAdapterHelper,https://github.com/CymChad/BaseRecyclerViewAdapterHelper,6,196,23436,3931,3.0,7.0,0.0,True
seata/seata,https://github.com/seata/seata,4,35,23423,180625,5.0,911.0,3.0,True
signalapp/Signal-Android,https://github.com/signalapp/Signal-Android,11,0,23393,228641,4.0,41.0,0.0,True
Netflix/Hystrix,https://github.com/Netflix/Hystrix,10,79,23244,62010,1.0,99.0,0.0,True
TeamNewPipe/NewPipe,https://github.com/TeamNewPipe/NewPipe,7,124,23003,38329,5.0,10.0,1.0,True
google/gson,https://github.com/google/gson,7,6,21906,32896,2.0,7.0,0.0,True
DrKLO/Telegram,https://github.com/DrKLO/Telegram,9,79,21670,1121688,3.0,1520.0,0.0,True
doocs/leetcode,https://github.com/doocs/leetcode,4,19,21422,3661,2.0,2.0,0.0,True
apache/skywalking,https://github.com/apache/skywalking,7,55,21394,73133,4.0,5.0,0.0,True
libgdx/libgdx,https://github.com/libgdx/libgdx,10,9,21210,275682,3.0,48.0,0.0,True
apache/flink,https://github.com/apache/flink,8,0,20818,1092838,4.0,61.0,0.0,True
redisson/redisson,https://github.com/redisson/redisson,9,120,20746,131186,3.0,7.0,0.0,True
alibaba/Sentinel,https://github.com/alibaba/Sentinel,4,23,20643,54678,3.0,18.0,0.0,True
google/ExoPlayer,https://github.com/google/ExoPlayer,8,23,20487,240901,5.0,31.0,0.0,True
bazelbuild/bazel,https://github.com/bazelbuild/bazel,8,194,20409,595212,5.0,42.0,1.0,True
jenkinsci/jenkins,https://github.com/jenkinsci/jenkins,12,245,20396,174258,4.0,60.0,0.0,True
termux/termux-app,https://github.com/termux/termux-app,7,89,19920,24226,4.0,6.0,0.0,True
ReactiveX/RxAndroid,https://github.com/ReactiveX/RxAndroid,8,20,19767,1452,1.0,3.0,0.0,True
elunez/eladmin,https://github.com/elunez/eladmin,4,0,19405,7785,4.0,4.0,0.0,True
didi/DoKit,https://github.com/didi/DoKit,4,10,19345,80579,2.0,18.0,0.0,True
apache/rocketmq,https://github.com/apache/rocketmq,6,9,18864,174430,3.0,11.0,1.0,True
EnterpriseQualityCoding/FizzBuzzEnterpriseEdition,https://github.com/EnterpriseQualityCoding/FizzBuzzEnterpriseEdition,10,0,18713,894,2.0,1.0,0.0,True
Baseflow/PhotoView,https://github.com/Baseflow/PhotoView,10,5,18452,1792,3.0,3.0,0.0,True
CarGuo/GSYVideoPlayer,https://github.com/CarGuo/GSYVideoPlayer,6,40,18324,29252,2.0,10.0,0.0,True
oracle/graal,https://github.com/oracle/graal,7,32,18303,1479016,4.0,325.0,1.0,True
mybatis/mybatis-3,https://github.com/mybatis/mybatis-3,10,40,18253,54183,2.0,7.0,0.0,True
apache/shardingsphere,https://github.com/apache/shardingsphere,7,52,18064,173350,4.0,7.0,0.0,True
brettwooldridge/HikariCP,https://github.com/brettwooldridge/HikariCP,9,0,17933,10640,3.0,5.0,0.0,True
linlinjava/litemall,https://github.com/linlinjava/litemall,4,8,17785,90876,3.0,2.0,1.0,True
dianping/cat,https://github.com/dianping/cat,10,3,17585,98745,4.0,10.0,1.0,True
Anuken/Mindustry,https://github.com/Anuken/Mindustry,5,151,17314,0,0.0,0.0,0.0,False
forezp/SpringCloudLearning,https://github.com/forezp/SpringCloudLearning,5,0,17166,1087,4.0,2.0,0.0,True
facebook/fresco,https://github.com/facebook/fresco,8,45,16920,68263,5.0,14.0,0.0,True
nostra13/Android-Universal-Image-Loader,https://github.com/nostra13/Android-Universal-Image-Loader,11,0,16813,7434,3.0,6.0,0.5,True
Tencent/tinker,https://github.com/Tencent/tinker,6,52,16701,39392,3.0,53.0,0.0,True
shuzheng/zheng,https://github.com/shuzheng/zheng,6,0,16450,41742,3.0,2.0,0.0,True
yudaocode/SpringBoot-Labs,https://github.com/yudaocode/SpringBoot-Labs,4,0,16249,17688,4.0,4.0,0.0,True
winterbe/java8-tutorial,https://github.com/winterbe/java8-tutorial,8,0,16193,2081,1.0,1.0,0.0,True
openzipkin/zipkin,https://github.com/openzipkin/zipkin,10,70,16050,37263,5.0,19.0,1.0,True
iBotPeaches/Apktool,https://github.com/iBotPeaches/Apktool,10,16,15867,11699,4.0,5.0,3.0,True
LMAX-Exchange/disruptor,https://github.com/LMAX-Exchange/disruptor,10,13,15811,13140,3.0,8.0,0.0,True
OpenAPITools/openapi-generator,https://github.com/OpenAPITools/openapi-generator,4,53,15543,191499,4.0,12.0,1.0,True
android10/Android-CleanArchitecture,https://github.com/android10/Android-CleanArchitecture,8,0,15305,2260,4.0,3.0,1.0,True
JeffLi1993/springboot-learning-example,https://github.com/JeffLi1993/springboot-learning-example,6,0,15305,1614,3.0,3.0,0.0,True
openjdk/jdk,https://github.com/openjdk/jdk,4,0,15267,0,0.0,0.0,0.0,False
keycloak/keycloak,https://github.com/keycloak/keycloak,9,33,15223,475115,4.0,25.0,1.0,True
dyc87112/SpringBoot-Learning,https://github.com/dyc87112/SpringBoot-Learning,6,0,15026,2777,4.0,3.0,0.0,True
Tencent/APIJSON,https://github.com/Tencent/APIJSON,6,92,14885,11679,2.0,4.0,5.0,True
medcl/elasticsearch-analysis-ik,https://github.com/medcl/elasticsearch-analysis-ik,11,184,14857,2051,4.5,2.0,1.0,True
material-components/material-components-android,https://github.com/material-components/material-components-android,6,67,14663,96098,4.0,11.0,1.0,True
prestodb/presto,https://github.com/prestodb/presto,10,0,14525,661740,6.0,26.0,1.0,True
justauth/JustAuth,https://github.com/justauth/JustAuth,4,45,14492,5287,2.0,4.0,6.0,True
williamfiset/Algorithms,https://github.com/williamfiset/Algorithms,5,0,14458,32435,2.0,2.0,3.0,True
hdodenhof/CircleImageView,https://github.com/hdodenhof/CircleImageView,9,0,14390,360,5.0,3.0,0.0,True
android-hacker/VirtualXposed,https://github.com/android-hacker/VirtualXposed,5,50,14197,47736,2.0,303.0,0.0,True
baomidou/mybatis-plus,https://github.com/baomidou/mybatis-plus,6,24,14145,26345,3.0,7.0,0.0,True
alibaba/ARouter,https://github.com/alibaba/ARouter,6,16,14117,3165,2.0,4.0,0.0,True
antlr/antlr4,https://github.com/antlr/antlr4,13,28,14020,40812,3.0,13.0,0.0,True
Tencent/QMUI_Android,https://github.com/Tencent/QMUI_Android,5,35,13980,58309,2.0,16.0,0.0,True
mockito/mockito,https://github.com/mockito/mockito,10,199,13751,50053,2.0,19.0,0.0,True
Konloch/bytecode-viewer,https://github.com/Konloch/bytecode-viewer,8,58,13567,18981,3.0,10.0,0.0,True
lgvalle/Material-Animations,https://github.com/lgvalle/Material-Animations,8,0,13552,1010,2.0,3.0,0.0,True
orhanobut/logger,https://github.com/orhanobut/logger,7,16,13536,827,6.0,2.0,0.0,True
heibaiying/BigData-Notes,https://github.com/heibaiying/BigData-Notes,4,0,13504,2124,5.0,2.0,0.0,True
arduino/Arduino,https://github.com/arduino/Arduino,12,37,13436,25793,2.0,13.0,0.0,True
eclipse-vertx/vert.x,https://github.com/eclipse-vertx/vert.x,11,0,13435,136904,3.0,12.0,1.0,True
elastic/logstash,https://github.com/elastic/logstash,12,108,13322,35828,4.0,52.0,1.0,True
apache/hadoop,https://github.com/apache/hadoop,8,0,13316,1593721,4.0,77.0,0.0,True
ben-manes/caffeine,https://github.com/ben-manes/caffeine,8,65,13262,74865,3.0,22.0,0.0,True
Bigkoo/Android-PickerView,https://github.com/Bigkoo/Android-PickerView,8,0,13257,4421,2.0,2.0,0.0,True
thingsboard/thingsboard,https://github.com/thingsboard/thingsboard,6,53,13254,158986,5.0,10.0,0.0,True
zhisheng17/flink-learning,https://github.com/zhisheng17/flink-learning,4,0,13247,13941,3.0,4.0,0.0,True
Curzibn/Luban,https://github.com/Curzibn/Luban,6,6,13195,1088,1.0,2.0,1.0,True
google/tink,https://github.com/google/tink,8,21,13047,70408,5.0,41.0,1.0,True
alibaba/DataX,https://github.com/alibaba/DataX,5,3,13039,69223,3.0,8.0,0.0,True
lionsoul2014/ip2region,https://github.com/lionsoul2014/ip2region,7,0,12971,2336,2.0,3.0,1.0,True
JessYanCoding/AndroidAutoSize,https://github.com/JessYanCoding/AndroidAutoSize,4,14,12878,1720,4.0,2.0,1.0,True
deeplearning4j/deeplearning4j,https://github.com/deeplearning4j/deeplearning4j,9,0,12815,623182,7.0,1463.0,6.0,True
Grasscutters/Grasscutter,https://github.com/Grasscutters/Grasscutter,0,6,12704,0,0.0,0.0,0.0,False
pinpoint-apm/pinpoint,https://github.com/pinpoint-apm/pinpoint,8,52,12639,344673,3.0,20.0,0.0,True
facebook/stetho,https://github.com/facebook/stetho,8,13,12623,19224,3.0,21.0,0.0,True
GoogleContainerTools/jib,https://github.com/GoogleContainerTools/jib,5,145,12591,34840,4.0,5.0,0.0,True
greenrobot/greenDAO,https://github.com/greenrobot/greenDAO,11,8,12561,18545,4.0,8.0,1.0,True
Netflix/zuul,https://github.com/Netflix/zuul,9,5,12479,19487,4.0,10.0,1.0,True
apache/druid,https://github.com/apache/druid,10,53,12457,609546,5.0,164.0,0.0,True
seaswalker/spring-analysis,https://github.com/seaswalker/spring-analysis,6,0,12390,378,2.0,4.0,0.0,True
apache/pulsar,https://github.com/apache/pulsar,6,64,12388,448140,4.0,149.0,0.0,True
zhihu/Matisse,https://github.com/zhihu/Matisse,5,15,12379,3418,5.0,4.0,0.0,True
youth5201314/banner,https://github.com/youth5201314/banner,6,0,12317,2713,5.0,4.0,1.0,True
daimajia/AndroidSwipeLayout,https://github.com/daimajia/AndroidSwipeLayout,8,18,12276,2770,2.0,3.0,0.0,True
java-decompiler/jd-gui,https://github.com/java-decompiler/jd-gui,7,18,12268,19309,3.0,15.0,1.0,True
LuckSiege/PictureSelector,https://github.com/LuckSiege/PictureSelector,6,112,12264,39212,2.0,9.0,0.0,True
daimajia/AndroidViewAnimations,https://github.com/daimajia/AndroidViewAnimations,8,9,12244,965,2.0,2.0,0.0,True
sqshq/piggymetrics,https://github.com/sqshq/piggymetrics,7,2,12199,1881,5.0,2.0,0.0,True
projectlombok/lombok,https://github.com/projectlombok/lombok,13,3,11818,74400,2.0,10.0,0.0,True
macrozheng/mall-learning,https://github.com/macrozheng/mall-learning,3,0,11814,28651,3.0,4.0,1.0,True
google/guice,https://github.com/google/guice,8,15,11810,78717,3.0,43.0,0.0,True
dromara/Sa-Token,https://github.com/dromara/Sa-Token,3,28,11770,18668,3.0,5.0,1.0,True
Netflix/eureka,https://github.com/Netflix/eureka,10,146,11730,32744,4.0,9.0,0.0,True
Tencent/VasSonic,https://github.com/Tencent/VasSonic,5,10,11632,7421,2.0,4.0,0.0,True
pagehelper/Mybatis-PageHelper,https://github.com/pagehelper/Mybatis-PageHelper,8,11,11578,7108,6.0,5.0,0.0,True
codecentric/spring-boot-admin,https://github.com/codecentric/spring-boot-admin,8,99,11561,13295,6.0,5.0,0.0,True
doocs/source-code-hunter,https://github.com/doocs/source-code-hunter,3,0,11492,0,,,,False
quarkusio/quarkus,https://github.com/quarkusio/quarkus,4,221,11470,641973,4.0,16.0,0.0,True
Yalantis/uCrop,https://github.com/Yalantis/uCrop,7,15,11451,4643,3.0,7.0,1.0,True
realm/realm-java,https://github.com/realm/realm-java,10,0,11363,109774,2.0,16.0,0.0,True
neo4j/neo4j,https://github.com/neo4j/neo4j,10,72,11168,551530,4.0,58.0,1.0,True
androidannotations/androidannotations,https://github.com/androidannotations/androidannotations,11,0,11133,28810,4.0,10.0,1.0,True
jfeinstein10/SlidingMenu,https://github.com/jfeinstein10/SlidingMenu,10,0,11132,3085,3.0,5.0,0.0,True
apache/zookeeper,https://github.com/apache/zookeeper,13,0,11121,117032,3.0,96.0,0.0,True
permissions-dispatcher/PermissionsDispatcher,https://github.com/permissions-dispatcher/PermissionsDispatcher,7,40,11100,3184,0.0,4.0,3.0,True
frank-lam/fullstack-tutorial,https://github.com/frank-lam/fullstack-tutorial,4,0,11023,0,,,,False
janishar/mit-deep-learning-book-pdf,https://github.com/janishar/mit-deep-learning-book-pdf,5,3,10977,2,0.0,1.0,0.0,True
kunal-kushwaha/DSA-Bootcamp-Java,https://github.com/kunal-kushwaha/DSA-Bootcamp-Java,1,0,10967,5161,1.0,3.0,1.0,True
redis/jedis,https://github.com/redis/jedis,12,74,10953,60953,3.0,7.0,1.0,True
theonedev/onedev,https://github.com/theonedev/onedev,4,244,10928,241486,4.0,10.0,0.0,True
DuGuQiuBai/Java,https://github.com/DuGuQiuBai/Java,7,0,10842,10928,0.0,6.0,0.0,True
alibaba/vlayout,https://github.com/alibaba/vlayout,6,34,10832,14042,3.0,7.0,0.0,True
H07000223/FlycoTabLayout,https://github.com/H07000223/FlycoTabLayout,7,4,10813,2730,3.0,3.0,1.0,True
code4craft/webmagic,https://github.com/code4craft/webmagic,9,23,10753,8676,4.0,9.0,1.0,True
lingochamp/FileDownloader,https://github.com/lingochamp/FileDownloader,7,65,10745,14387,2.0,28.0,1.0,True
gyf-dev/ImmersionBar,https://github.com/gyf-dev/ImmersionBar,5,0,10709,7237,5.0,4.0,3.0,True
mission-peace/interview,https://github.com/mission-peace/interview,8,0,10700,27259,2.0,4.0,1.0,True
pxb1988/dex2jar,https://github.com/pxb1988/dex2jar,7,6,10687,41007,3.0,8.0,0.0,True
android-async-http/android-async-http,https://github.com/android-async-http/android-async-http,12,3,10645,7620,4.0,5.0,3.0,True
zaproxy/zaproxy,https://github.com/zaproxy/zaproxy,7,308,10578,179090,3.0,32.0,1.0,True
careercup/CtCI-6th-Edition,https://github.com/careercup/CtCI-6th-Edition,7,0,10552,21093,2.0,5.0,1.0,True
jeasonlzy/okhttp-OkGo,https://github.com/jeasonlzy/okhttp-OkGo,7,14,10507,13418,5.0,7.0,0.0,True
lipangit/JiaoZiVideoPlayer,https://github.com/lipangit/JiaoZiVideoPlayer,7,78,10445,4511,6.0,4.0,4.0,True
tbruyelle/RxPermissions,https://github.com/tbruyelle/RxPermissions,7,11,10426,876,2.0,2.0,0.0,True
grpc/grpc-java,https://github.com/grpc/grpc-java,8,137,10406,223421,3.0,22.0,0.0,True
daniulive/SmarterStreaming,https://github.com/daniulive/SmarterStreaming,6,0,10399,10670,2.0,2.0,0.0,True
chefyuan/algorithm-base,https://github.com/chefyuan/algorithm-base,1,0,10351,0,,,,False
aosp-mirror/platform_frameworks_base,https://github.com/aosp-mirror/platform_frameworks_base,14,0,10339,0,0.0,0.0,0.0,False
YunaiV/ruoyi-vue-pro,https://github.com/YunaiV/ruoyi-vue-pro,2,16,10260,40359,5.0,4.0,0.0,True
questdb/questdb,https://github.com/questdb/questdb,8,62,10226,0,0.0,0.0,0.0,False
JessYanCoding/MVPArms,https://github.com/JessYanCoding/MVPArms,6,25,10199,5986,5.0,3.0,3.0,True
JakeWharton/ViewPagerIndicator,https://github.com/JakeWharton/ViewPagerIndicator,11,0,10190,2947,5.5,3.0,0.0,True
square/javapoet,https://github.com/square/javapoet,10,0,10101,7520,2.0,5.0,0.0,True
apache/dolphinscheduler,https://github.com/apache/dolphinscheduler,4,40,10057,99708,5.0,7.0,0.0,True
google/auto,https://github.com/google/auto,9,57,10042,30540,3.0,80.0,1.0,True
jhy/jsoup,https://github.com/jhy/jsoup,13,9,10022,29586,3.0,58.0,1.0,True
apereo/cas,https://github.com/apereo/cas,11,240,10009,191978,8.0,60.0,0.0,True
gyoogle/tech-interview-for-developer,https://github.com/gyoogle/tech-interview-for-developer,3,0,9936,609,1.0,1.0,0.0,True
macrozheng/mall-swarm,https://github.com/macrozheng/mall-swarm,3,2,9929,101018,3.0,4.0,13.0,True
clojure/clojure,https://github.com/clojure/clojure,12,0,9901,44087,0.0,48.0,0.0,True
amitshekhariitbhu/android-interview-questions,https://github.com/amitshekhariitbhu/android-interview-questions,5,0,9817,5,0.0,1.0,0.0,True
newbee-ltd/newbee-mall,https://github.com/newbee-ltd/newbee-mall,3,0,9789,3935,2.0,4.0,4.0,True
wasabeef/glide-transformations,https://github.com/wasabeef/glide-transformations,8,0,9747,991,5.0,3.0,0.0,True
YoKeyword/Fragmentation,https://github.com/YoKeyword/Fragmentation,7,30,9733,8981,3.0,5.0,0.0,True
HarlonWang/AVLoadingIndicatorView,https://github.com/HarlonWang/AVLoadingIndicatorView,7,1,9697,2161,2.0,4.0,0.0,True
googlesamples/easypermissions,https://github.com/googlesamples/easypermissions,7,12,9639,1705,8.0,3.0,6.0,True
liaohuqiu/android-Ultra-Pull-To-Refresh,https://github.com/liaohuqiu/android-Ultra-Pull-To-Refresh,8,8,9623,5476,2.0,5.0,0.0,True
yuliskov/SmartTubeNext,https://github.com/yuliskov/SmartTubeNext,2,122,9623,167739,5.0,49.0,1.0,True
TooTallNate/Java-WebSocket,https://github.com/TooTallNate/Java-WebSocket,13,14,9619,14502,2.0,7.0,3.5,True
react-native-camera/react-native-camera,https://github.com/react-native-camera/react-native-camera,7,144,9615,0,,,,False
ksoichiro/Android-ObservableScrollView,https://github.com/ksoichiro/Android-ObservableScrollView,8,0,9610,12621,3.0,7.0,0.0,True
paascloud/paascloud-master,https://github.com/paascloud/paascloud-master,4,0,9547,16332,4.0,5.0,0.0,True
perwendel/spark,https://github.com/perwendel/spark,11,0,9465,9588,3.0,5.0,0.0,True
umano/AndroidSlidingUpPanel,https://github.com/umano/AndroidSlidingUpPanel,9,8,9453,2011,2.0,4.0,0.0,True
pockethub/PocketHub,https://github.com/pockethub/PocketHub,11,1,9418,6980,5.0,4.0,0.0,True
bilibili/DanmakuFlameMaster,https://github.com/bilibili/DanmakuFlameMaster,9,5,9406,12879,3.0,14.0,1.0,True
MyCATApache/Mycat-Server,https://github.com/MyCATApache/Mycat-Server,8,7,9376,92943,3.0,12.0,0.0,True
hackware1993/MagicIndicator,https://github.com/hackware1993/MagicIndicator,6,12,9374,4533,4.0,4.0,3.0,True
doocs/jvm,https://github.com/doocs/jvm,4,0,9338,5,0.0,1.0,0.0,True
OpenRefine/OpenRefine,https://github.com/OpenRefine/OpenRefine,10,45,9331,66442,5.0,9.0,1.0,True
koral--/android-gif-drawable,https://github.com/koral--/android-gif-drawable,10,57,9312,2946,4.0,10.0,0.0,True
lzyzsd/JsBridge,https://github.com/lzyzsd/JsBridge,8,0,9266,995,1.5,2.0,0.0,True
Activiti/Activiti,https://github.com/Activiti/Activiti,10,210,9265,144028,4.0,8.0,1.0,True
lihengming/spring-boot-api-project-seed,https://github.com/lihengming/spring-boot-api-project-seed,5,4,9265,484,4.0,4.0,0.0,True
alibaba/COLA,https://github.com/alibaba/COLA,5,9,9207,5963,3.0,5.0,0.0,True
asLody/VirtualApp,https://github.com/asLody/VirtualApp,6,0,9171,46624,2.0,303.0,0.0,True
dataease/dataease,https://github.com/dataease/dataease,2,49,9136,47775,3.0,4.0,0.0,True
cryptomator/cryptomator,https://github.com/cryptomator/cryptomator,9,146,9065,13681,6.0,6.0,1.0,True
navasmdc/MaterialDesignLibrary,https://github.com/navasmdc/MaterialDesignLibrary,8,3,9054,2927,3.0,6.0,0.0,True
LSPosed/LSPosed,https://github.com/LSPosed/LSPosed,2,36,8993,22943,3.0,16.0,0.0,True
barry-ran/QtScrcpy,https://github.com/barry-ran/QtScrcpy,3,28,8955,3988,2.0,4.0,0.0,True
metersphere/metersphere,https://github.com/metersphere/metersphere,3,181,8928,264133,3.0,5.0,0.0,True
jwtk/jjwt,https://github.com/jwtk/jjwt,8,0,8907,5254,3.0,8.0,1.0,True
nathanmarz/storm,https://github.com/nathanmarz/storm,11,0,8884,60552,3.0,20.0,1.0,True
stanfordnlp/CoreNLP,https://github.com/stanfordnlp/CoreNLP,9,12,8881,561917,3.0,46.0,0.0,True
GcsSloop/AndroidNote,https://github.com/GcsSloop/AndroidNote,7,0,8846,402,1.0,2.0,3.0,True
didi/VirtualAPK,https://github.com/didi/VirtualAPK,5,4,8820,7981,3.0,17.0,1.0,True
laobie/StatusBarUtil,https://github.com/laobie/StatusBarUtil,7,0,8810,1036,3.0,3.0,0.0,True
Justson/AgentWeb,https://github.com/Justson/AgentWeb,5,19,8801,11378,3.0,9.0,0.0,True
android/testing-samples,https://github.com/android/testing-samples,8,0,8767,1809,6.0,3.0,0.0,True
crossoverJie/cim,https://github.com/crossoverJie/cim,4,7,8759,7280,3.0,7.0,0.0,True
chrisbanes/Android-PullToRefresh,https://github.com/chrisbanes/Android-PullToRefresh,11,0,8748,3567,4.5,7.0,1.0,True
krahets/hello-algo,https://github.com/krahets/hello-algo,0,1,8693,2219,2.0,1.0,0.0,True
OpenFeign/feign,https://github.com/OpenFeign/feign,9,28,8665,30656,3.0,92.0,0.0,True
resilience4j/resilience4j,https://github.com/resilience4j/resilience4j,7,32,8631,52469,5.0,15.0,1.0,True
cats-oss/android-gpuimage,https://github.com/cats-oss/android-gpuimage,10,0,8624,6341,2.0,7.0,0.0,True
chrisjenx/Calligraphy,https://github.com/chrisjenx/Calligraphy,9,4,8597,968,5.0,3.0,3.0,True
Freelander/Android_Data,https://github.com/Freelander/Android_Data,7,0,8595,116,2.0,1.0,3.0,True
huanghaibin-dev/CalendarView,https://github.com/huanghaibin-dev/CalendarView,6,0,8590,11557,4.0,5.0,3.0,True
Blankj/awesome-java-leetcode,https://github.com/Blankj/awesome-java-leetcode,5,0,8513,1772,2.0,1.0,1.0,True
facebook/buck,https://github.com/facebook/buck,9,57,8498,503574,5.0,27.0,1.0,True
roughike/BottomBar,https://github.com/roughike/BottomBar,6,4,8430,2834,2.0,4.0,0.0,True
junit-team/junit4,https://github.com/junit-team/junit4,14,13,8415,32915,3.0,13.0,0.0,True
firebase/quickstart-android,https://github.com/firebase/quickstart-android,6,0,8386,6647,3.0,3.0,0.0,True
ybq/Android-SpinKit,https://github.com/ybq/Android-SpinKit,6,0,8374,1812,5.0,9.0,1.0,True
dropwizard/dropwizard,https://github.com/dropwizard/dropwizard,12,137,8362,41279,4.0,13.0,0.0,True
languagetool-org/languagetool,https://github.com/languagetool-org/languagetool,9,0,8324,194938,3.0,28.0,1.0,True
debezium/debezium,https://github.com/debezium/debezium,7,0,8213,140120,4.0,25.0,1.0,True
supertokens/supertokens-core,https://github.com/supertokens/supertokens-core,3,21,8204,43508,7.0,6.0,3.0,True
shwenzhang/AndResGuard,https://github.com/shwenzhang/AndResGuard,7,4,8201,6506,2.0,4.0,1.5,True
KunMinX/Jetpack-MVVM-Best-Practice,https://github.com/KunMinX/Jetpack-MVVM-Best-Practice,3,0,8191,3608,3.0,6.0,0.0,True
florent37/MaterialViewPager,https://github.com/florent37/MaterialViewPager,7,11,8189,1616,3.0,3.0,0.0,True
Netflix/conductor,https://github.com/Netflix/conductor,6,313,8177,46255,5.0,4.0,0.0,True
airbnb/epoxy,https://github.com/airbnb/epoxy,6,73,8159,38092,4.0,18.0,1.0,True
amitshekhariitbhu/Android-Debug-Database,https://github.com/amitshekhariitbhu/Android-Debug-Database,6,12,8146,2393,4.0,3.0,0.0,True
signalapp/Signal-Server,https://github.com/signalapp/Signal-Server,9,0,8115,36772,4.0,4.0,0.0,True
alibaba/atlas,https://github.com/alibaba/atlas,6,7,8096,157496,4.0,13.0,1.0,True
kekingcn/kkFileView,https://github.com/kekingcn/kkFileView,5,11,8031,8700,5.0,2.0,1.0,True
hs-web/hsweb-framework,https://github.com/hs-web/hsweb-framework,7,26,8006,18591,4.0,8.0,0.0,True
zhoutaoo/SpringCloud,https://github.com/zhoutaoo/SpringCloud,5,0,7998,3083,5.0,5.0,0.0,True
YunaiV/yudao-cloud,https://github.com/YunaiV/yudao-cloud,3,1,7959,27230,5.0,4.0,0.0,True
react-native-image-picker/react-native-image-picker,https://github.com/react-native-image-picker/react-native-image-picker,7,115,7937,835,4.0,2.0,0.0,True
guolindev/LitePal,https://github.com/guolindev/LitePal,10,0,7934,11830,3.0,6.0,0.0,True
Netflix/SimianArmy,https://github.com/Netflix/SimianArmy,10,4,7927,16056,4.0,5.0,3.0,True
HannahMitt/HomeMirror,https://github.com/HannahMitt/HomeMirror,7,0,7889,1719,2.0,2.0,0.0,True
ChrisRM/material-theme-jetbrains,https://github.com/ChrisRM/material-theme-jetbrains,7,17,7886,14517,2.0,10.0,1.0,True
JakeWharton/hugo,https://github.com/JakeWharton/hugo,9,0,7878,384,7.0,2.0,6.0,True
apache/cassandra,https://github.com/apache/cassandra,13,0,7855,492638,4.0,63.0,1.0,True
apache/shardingsphere-elasticjob,https://github.com/apache/shardingsphere-elasticjob,7,28,7825,22289,4.0,4.0,0.0,True
google/tsunami-security-scanner,https://github.com/google/tsunami-security-scanner,2,14,7793,7647,5.0,5.0,0.0,True
ssssssss-team/spider-flow,https://github.com/ssssssss-team/spider-flow,2,2,7753,8748,4.0,43.0,1.0,True
json-path/JsonPath,https://github.com/json-path/JsonPath,12,8,7724,16721,3.0,13.0,0.0,True
trello/RxLifecycle,https://github.com/trello/RxLifecycle,7,22,7713,2368,6.0,7.0,0.0,True
dropwizard/metrics,https://github.com/dropwizard/metrics,13,104,7699,26525,4.0,11.0,0.0,True
java-native-access/jna,https://github.com/java-native-access/jna,11,0,7689,105956,3.0,123.0,0.0,True
apache/shenyu,https://github.com/apache/shenyu,4,8,7677,102308,4.0,6.0,1.0,True
seven332/EhViewer,https://github.com/seven332/EhViewer,8,97,7673,44372,4.0,15.0,1.0,True
plantuml/plantuml,https://github.com/plantuml/plantuml,12,26,7665,184004,5.0,19.0,1.0,True
aritraroy/UltimateAndroidReference,https://github.com/aritraroy/UltimateAndroidReference,5,0,7656,22,1.0,1.0,0.0,True
checkstyle/checkstyle,https://github.com/checkstyle/checkstyle,9,126,7584,0,0.0,0.0,0.0,False
SonarSource/sonarqube,https://github.com/SonarSource/sonarqube,12,36,7576,360583,4.0,10.0,0.0,True
alibaba/otter,https://github.com/alibaba/otter,9,10,7566,68151,2.0,7.0,1.0,True
kaushikgopal/RxJava-Android-Samples,https://github.com/kaushikgopal/RxJava-Android-Samples,8,0,7548,2633,3.0,4.0,3.0,True
barteksc/AndroidPdfViewer,https://github.com/barteksc/AndroidPdfViewer,6,0,7524,3328,1.0,4.0,0.0,True
spring-projects/spring-security,https://github.com/spring-projects/spring-security,11,132,7512,192695,5.0,18.0,0.0,True
davemorrissey/subsampling-scale-image-view,https://github.com/davemorrissey/subsampling-scale-image-view,9,21,7502,4262,3.5,5.0,0.0,True
facebook/litho,https://github.com/facebook/litho,6,52,7501,124733,4.0,10.0,0.0,True
sohutv/cachecloud,https://github.com/sohutv/cachecloud,7,9,7456,48349,2.0,3.0,0.0,True
apache/doris,https://github.com/apache/doris,5,19,7448,357642,4.0,12.0,0.0,True
vipshop/vjtools,https://github.com/vipshop/vjtools,4,9,7435,18382,2.0,6.0,1.0,True
trinodb/trino,https://github.com/trinodb/trino,4,0,7397,0,0.0,0.0,0.0,False
gedoor/MyBookshelf,https://github.com/gedoor/MyBookshelf,4,165,7370,48375,3.0,4.0,1.0,True
lecho/hellocharts-android,https://github.com/lecho/hellocharts-android,8,14,7370,10995,4.0,5.0,1.0,True
datahub-project/datahub,https://github.com/datahub-project/datahub,7,72,7363,74074,8.0,4.0,1.0,True
koush/AndroidAsync,https://github.com/koush/AndroidAsync,10,0,7350,18086,2.0,29.0,0.0,True
square/dagger,https://github.com/square/dagger,10,0,7292,8043,3.0,8.0,0.0,True
itwanger/toBeBetterJavaer,https://github.com/itwanger/toBeBetterJavaer,4,0,7290,0,,,,False
google/android-classyshark,https://github.com/google/android-classyshark,7,17,7270,8714,2.0,7.0,1.0,True
Bearded-Hen/Android-Bootstrap,https://github.com/Bearded-Hen/Android-Bootstrap,9,5,7269,10389,3.0,4.0,2.0,True
pedant/sweet-alert-dialog,https://github.com/pedant/sweet-alert-dialog,8,2,7266,943,1.5,2.0,0.0,True
leolin310148/ShortcutBadger,https://github.com/leolin310148/ShortcutBadger,9,0,7256,885,5.0,3.0,1.0,True
google/agera,https://github.com/google/agera,7,16,7244,10897,4.0,5.0,0.0,True
goldze/MVVMHabit,https://github.com/goldze/MVVMHabit,5,3,7243,9110,2.0,4.0,0.0,True
cymcsg/UltimateRecyclerView,https://github.com/cymcsg/UltimateRecyclerView,8,9,7229,16083,2.0,5.0,0.0,True
crazycodeboy/TakePhoto,https://github.com/crazycodeboy/TakePhoto,7,15,7214,2403,2.0,3.0,1.0,True
PaperMC/Paper,https://github.com/PaperMC/Paper,7,1,7211,163,5.0,2.0,3.0,True
kevin-wayne/algs4,https://github.com/kevin-wayne/algs4,7,0,7206,21724,3.0,2.0,0.0,True
awsdocs/aws-doc-sdk-examples,https://github.com/awsdocs/aws-doc-sdk-examples,6,0,7201,55692,5.0,5.0,1.0,True
geeeeeeeeek/WeChatLuckyMoney,https://github.com/geeeeeeeeek/WeChatLuckyMoney,7,20,7165,931,3.0,2.0,1.0,True
swagger-api/swagger-core,https://github.com/swagger-api/swagger-core,11,85,7143,34864,3.0,9.0,0.0,True
JakeWharton/ActionBarSherlock,https://github.com/JakeWharton/ActionBarSherlock,12,32,7137,26463,4.0,6.0,0.0,True
dyc87112/SpringCloud-Learning,https://github.com/dyc87112/SpringCloud-Learning,6,0,7110,7147,4.0,4.0,0.0,True
Qihoo360/RePlugin,https://github.com/Qihoo360/RePlugin,5,18,7108,28239,3.0,4.0,0.0,True
zfile-dev/zfile,https://github.com/zfile-dev/zfile,3,60,7071,6522,4.0,6.0,0.0,True
abel533/Mapper,https://github.com/abel533/Mapper,8,4,7051,18026,4.0,4.0,0.0,True
flyway/flyway,https://github.com/flyway/flyway,10,176,7047,22020,4.0,5.0,1.0,True
yuanguangxin/LeetCode,https://github.com/yuanguangxin/LeetCode,3,0,7041,3238,1.0,1.0,0.0,True
wildfirechat/im-server,https://github.com/wildfirechat/im-server,4,81,7032,151436,3.0,77.0,1.0,True
ogaclejapan/SmartTabLayout,https://github.com/ogaclejapan/SmartTabLayout,8,0,6997,1912,4.0,5.0,1.0,True
li-xiaojun/XPopup,https://github.com/li-xiaojun/XPopup,4,220,6918,12353,3.0,9.0,0.0,True
LawnchairLauncher/lawnchair,https://github.com/LawnchairLauncher/lawnchair,6,25,6908,117886,4.0,13.0,1.0,True
testcontainers/testcontainers-java,https://github.com/testcontainers/testcontainers-java,7,61,6884,24166,4.0,13.0,0.0,True
karatelabs/karate,https://github.com/karatelabs/karate,6,48,6876,41657,4.0,8.0,0.0,True
hongyangAndroid/okhttputils,https://github.com/hongyangAndroid/okhttputils,7,0,6871,1961,2.5,4.0,0.0,True
Exrick/xmall,https://github.com/Exrick/xmall,5,0,6858,31129,3.0,4.0,13.0,True
Tencent/Shadow,https://github.com/Tencent/Shadow,3,5,6843,21141,3.0,8.0,0.0,True
TechEmpower/FrameworkBenchmarks,https://github.com/TechEmpower/FrameworkBenchmarks,9,15,6841,16090,4.0,4.0,0.0,True
lenve/VBlog,https://github.com/lenve/VBlog,5,0,6839,781,4.0,2.0,1.0,True
apache/jmeter,https://github.com/apache/jmeter,12,0,6830,127367,4.0,11.0,3.0,True
NLPchina/elasticsearch-sql,https://github.com/NLPchina/elasticsearch-sql,8,196,6827,26907,5.0,5.0,6.0,True
naman14/Timber,https://github.com/naman14/Timber,7,5,6821,21859,3.0,8.0,0.0,True
DroidPluginTeam/DroidPlugin,https://github.com/DroidPluginTeam/DroidPlugin,7,2,6790,22301,2.0,129.0,0.0,True
google/closure-compiler,https://github.com/google/closure-compiler,8,0,6784,309138,4.0,38.0,1.0,True
gocd/gocd,https://github.com/gocd/gocd,9,74,6735,276648,4.0,19.0,0.0,True
hongyangAndroid/AndroidAutoLayout,https://github.com/hongyangAndroid/AndroidAutoLayout,7,0,6688,2370,5.0,4.0,8.0,True
Angel-ML/angel,https://github.com/Angel-ML/angel,5,19,6649,204252,4.0,10.0,0.0,True
software-mansion/react-native-svg,https://github.com/software-mansion/react-native-svg,7,92,6627,13484,4.0,80.0,1.0,True
yanzhenjie/AndPermission,https://github.com/yanzhenjie/AndPermission,6,0,6594,4486,3.0,2.0,0.0,True
apache/beam,https://github.com/apache/beam,7,28,6573,630030,5.0,38.0,0.0,True
zo0r/react-native-push-notification,https://github.com/zo0r/react-native-push-notification,7,35,6570,1884,4.0,2.0,0.0,True
Meituan-Dianping/walle,https://github.com/Meituan-Dianping/walle,6,1,6562,4633,2.0,6.0,0.5,True
opensearch-project/OpenSearch,https://github.com/opensearch-project/OpenSearch,2,29,6556,1009976,5.0,141.0,1.0,True
apache/tomcat,https://github.com/apache/tomcat,11,0,6551,351284,3.0,45.0,1.0,True
NanoHttpd/nanohttpd,https://github.com/NanoHttpd/nanohttpd,10,3,6542,7106,3.0,16.0,1.0,True
twowaits/SDE-Interview-Questions,https://github.com/twowaits/SDE-Interview-Questions,5,1,6520,5,0.0,1.0,0.0,True
markzhai/AndroidPerformanceMonitor,https://github.com/markzhai/AndroidPerformanceMonitor,7,0,6503,2234,3.0,3.0,0.0,True
bytedeco/javacv,https://github.com/bytedeco/javacv,8,9,6490,26674,4.0,13.0,1.0,True
react-native-video/react-native-video,https://github.com/react-native-video/react-native-video,7,10,6485,3384,3.0,3.0,0.0,True
GrenderG/Toasty,https://github.com/GrenderG/Toasty,6,19,6453,487,3.0,2.0,0.0,True
Graylog2/graylog2-server,https://github.com/Graylog2/graylog2-server,12,0,6450,174347,6.0,15.0,1.0,True
apache/storm,https://github.com/apache/storm,9,0,6433,376853,3.0,30.0,1.0,True
zouzg/mybatis-generator-gui,https://github.com/zouzg/mybatis-generator-gui,6,16,6421,3047,5.0,4.0,3.0,True
pentaho/pentaho-kettle,https://github.com/pentaho/pentaho-kettle,9,1,6402,763043,2.0,18.0,0.0,True
real-logic/aeron,https://github.com/real-logic/aeron,9,84,6391,96548,4.0,9.0,0.0,True
vinc3m1/RoundedImageView,https://github.com/vinc3m1/RoundedImageView,10,19,6385,1265,9.0,3.0,0.0,True
zendesk/android-floating-action-button,https://github.com/zendesk/android-floating-action-button,8,0,6375,1078,3.0,5.0,0.0,True
google/error-prone,https://github.com/google/error-prone,8,26,6359,117549,4.0,24.0,0.0,True
guardianproject/haven,https://github.com/guardianproject/haven,6,37,6337,4561,4.0,3.0,1.0,True
processing/processing,https://github.com/processing/processing,10,48,6312,110008,2.0,28.0,0.0,True
koush/ion,https://github.com/koush/ion,9,0,6299,9443,3.0,23.0,0.0,True
rest-assured/rest-assured,https://github.com/rest-assured/rest-assured,12,0,6280,27766,4.0,5.0,0.0,True
smuyyh/BookReader,https://github.com/smuyyh/BookReader,6,0,6264,30914,2.0,6.0,0.0,True
NLPchina/ansj_seg,https://github.com/NLPchina/ansj_seg,10,3,6262,12021,4.0,4.0,0.0,True
ArthurHub/Android-Image-Cropper,https://github.com/ArthurHub/Android-Image-Cropper,8,32,6232,4655,4.0,3.0,0.0,True
rabbitmq/rabbitmq-tutorials,https://github.com/rabbitmq/rabbitmq-tutorials,12,0,6231,1343,4.0,1.0,1.0,True
flowable/flowable-engine,https://github.com/flowable/flowable-engine,6,22,6199,495257,4.0,8.0,1.0,True
alibaba/transmittable-thread-local,https://github.com/alibaba/transmittable-thread-local,9,55,6171,6932,5.0,9.0,1.0,True
frohoff/ysoserial,https://github.com/frohoff/ysoserial,8,1,6155,3851,3.0,5.0,1.0,True
ikew0ng/SwipeBackLayout,https://github.com/ikew0ng/SwipeBackLayout,9,0,6135,1635,3.0,3.0,3.0,True
mrniko/netty-socketio,https://github.com/mrniko/netty-socketio,11,6,6130,5742,3.0,5.0,0.0,True
Alluxio/alluxio,https://github.com/Alluxio/alluxio,10,59,6126,236260,5.0,68.0,1.0,True
rengwuxian/MaterialEditText,https://github.com/rengwuxian/MaterialEditText,8,19,6115,3385,2.0,2.0,0.0,True
ximsfei/Android-skin-support,https://github.com/ximsfei/Android-skin-support,6,0,6089,16885,5.0,7.0,1.0,True
sshahine/JFoenix,https://github.com/sshahine/JFoenix,7,0,6072,24546,4.0,7.0,1.0,True
AsyncHttpClient/async-http-client,https://github.com/AsyncHttpClient/async-http-client,12,0,6071,28944,3.0,8.0,1.0,True
aa112901/remusic,https://github.com/aa112901/remusic,6,0,6071,47786,3.0,7.0,0.0,True
daimajia/NumberProgressBar,https://github.com/daimajia/NumberProgressBar,8,3,6040,380,0.5,2.0,0.0,True
MinecraftForge/MinecraftForge,https://github.com/MinecraftForge/MinecraftForge,11,0,6029,60777,5.0,72.0,1.0,True
rey5137/material,https://github.com/rey5137/material,8,10,6028,27346,3.0,9.0,1.0,True
pedrovgs/EffectiveAndroidUI,https://github.com/pedrovgs/EffectiveAndroidUI,8,0,6025,1923,3.0,3.0,1.0,True
google/physical-web,https://github.com/google/physical-web,8,17,6023,7481,3.0,3.0,0.0,True
wxiaoqi/Spring-Cloud-Platform,https://github.com/wxiaoqi/Spring-Cloud-Platform,5,3,6015,6014,3.0,5.0,0.0,True
ityouknow/spring-cloud-examples,https://github.com/ityouknow/spring-cloud-examples,5,0,6013,390,4.0,2.0,0.0,True
wasabeef/richeditor-android,https://github.com/wasabeef/richeditor-android,7,0,5998,804,2.0,3.0,0.0,True
singwhatiwanna/dynamic-load-apk,https://github.com/singwhatiwanna/dynamic-load-apk,8,0,5995,2620,3.0,4.0,0.0,True
mapstruct/mapstruct,https://github.com/mapstruct/mapstruct,10,26,5984,84973,2.0,11.0,0.0,True
apache/zeppelin,https://github.com/apache/zeppelin,7,0,5964,195366,3.0,8.0,1.0,True
wyouflf/xUtils3,https://github.com/wyouflf/xUtils3,7,9,5958,12561,3.0,6.0,2.0,True
antoniolg/androidmvp,https://github.com/antoniolg/androidmvp,8,0,5957,274,2.0,2.0,0.0,True
527515025/springBoot,https://github.com/527515025/springBoot,6,0,5947,6243,4.0,4.0,0.0,True
joelittlejohn/jsonschema2pojo,https://github.com/joelittlejohn/jsonschema2pojo,9,62,5939,14340,5.0,4.0,0.0,True
google/j2objc,https://github.com/google/j2objc,9,39,5924,910447,1.0,111.0,0.0,True
didi/KnowStreaming,https://github.com/didi/KnowStreaming,2,22,5880,30949,4.0,5.0,0.0,True
gzu-liyujiang/AndroidPicker,https://github.com/gzu-liyujiang/AndroidPicker,7,54,5878,13186,2.0,5.0,0.0,True
amitshekhariitbhu/from-java-to-kotlin,https://github.com/amitshekhariitbhu/from-java-to-kotlin,5,0,5862,37,0.5,1.0,0.0,True
lightbend/config,https://github.com/lightbend/config,11,0,5861,13149,3.0,60.0,0.0,True
alibaba/jvm-sandbox,https://github.com/alibaba/jvm-sandbox,5,13,5853,14407,2.0,9.0,0.0,True
prolificinteractive/material-calendarview,https://github.com/prolificinteractive/material-calendarview,8,22,5848,3658,4.0,4.0,0.0,True
weibocom/motan,https://github.com/weibocom/motan,6,23,5840,40499,4.0,6.0,1.0,True
Meituan-Dianping/Leaf,https://github.com/Meituan-Dianping/Leaf,4,0,5821,1305,1.5,4.0,0.0,True
JesusFreke/smali,https://github.com/JesusFreke/smali,10,0,5813,46762,4.0,24.0,1.0,True
h2pl/Java-Tutorial,https://github.com/h2pl/Java-Tutorial,4,0,5805,8,0.0,1.0,0.0,True
springfox/springfox,https://github.com/springfox/springfox,10,12,5788,32072,3.0,4.0,0.0,True
google/grafika,https://github.com/google/grafika,9,1,5772,10035,5.0,5.0,0.0,True
Nightonke/BoomMenu,https://github.com/Nightonke/BoomMenu,6,0,5772,7710,4.0,5.0,0.0,True
graphql-java/graphql-java,https://github.com/graphql-java/graphql-java,7,49,5761,57994,5.0,6.0,1.0,True
springside/springside4,https://github.com/springside/springside4,11,3,5758,12842,2.0,6.0,1.0,True
lets-blade/blade,https://github.com/lets-blade/blade,7,9,5751,15300,3.0,5.0,0.0,True
Devlight/InfiniteCycleViewPager,https://github.com/Devlight/InfiniteCycleViewPager,6,2,5744,3564,3.0,6.0,0.0,True
JakeWharton/DiskLruCache,https://github.com/JakeWharton/DiskLruCache,11,0,5740,1937,2.5,3.0,3.0,True
xiaojieonly/Ehviewer_CN_SXJ,https://github.com/xiaojieonly/Ehviewer_CN_SXJ,2,53,5730,51557,4.0,15.0,1.0,True
liyifeng1994/ssm,https://github.com/liyifeng1994/ssm,6,0,5730,369,2.0,4.0,1.0,True
haifengl/smile,https://github.com/haifengl/smile,8,24,5693,96650,4.0,22.0,1.0,True
JakeWharton/u2020,https://github.com/JakeWharton/u2020,9,0,5688,4806,4.0,7.0,0.5,True
yarolegovich/DiscreteScrollView,https://github.com/yarolegovich/DiscreteScrollView,6,2,5681,3698,2.0,3.0,0.0,True
macrozheng/springcloud-learning,https://github.com/macrozheng/springcloud-learning,3,0,5672,1799,4.0,2.0,0.0,True
junit-team/junit5,https://github.com/junit-team/junit5,8,59,5656,77147,3.0,20.0,0.0,True
k0shk0sh/FastHub,https://github.com/k0shk0sh/FastHub,6,63,5651,40321,5.0,6.0,1.0,True
dmytrodanylyk/circular-progress-button,https://github.com/dmytrodanylyk/circular-progress-button,8,2,5645,1429,2.0,3.0,0.0,True
daimajia/AndroidImageSlider,https://github.com/daimajia/AndroidImageSlider,8,5,5644,3813,2.0,6.0,1.0,True
micronaut-projects/micronaut-core,https://github.com/micronaut-projects/micronaut-core,5,152,5627,139694,4.0,15.0,0.0,True
jpush/aurora-imui,https://github.com/jpush/aurora-imui,6,42,5617,17784,2.0,21.0,0.0,True
robolectric/robolectric,https://github.com/robolectric/robolectric,12,89,5609,180304,4.0,24.0,0.0,True
amlcurran/ShowcaseView,https://github.com/amlcurran/ShowcaseView,10,13,5608,2086,5.0,4.0,0.0,True
nhaarman/ListViewAnimations,https://github.com/nhaarman/ListViewAnimations,9,14,5603,5697,5.0,6.0,0.0,True
changmingxie/tcc-transaction,https://github.com/changmingxie/tcc-transaction,7,6,5589,22392,3.0,5.0,1.0,True
hongyangAndroid/FlowLayout,https://github.com/hongyangAndroid/FlowLayout,7,0,5565,810,3.0,3.0,0.0,True
knightliao/disconf,https://github.com/knightliao/disconf,8,12,5547,14009,3.0,7.0,0.0,True
amitshekhariitbhu/Fast-Android-Networking,https://github.com/amitshekhariitbhu/Fast-Android-Networking,6,8,5538,19596,2.0,18.0,1.0,True
emilsjolander/StickyListHeaders,https://github.com/emilsjolander/StickyListHeaders,11,16,5527,2112,3.0,3.0,0.0,True
getActivity/AndroidProject,https://github.com/getActivity/AndroidProject,4,17,5506,20468,3.0,10.0,1.0,True
sockeqwe/mosby,https://github.com/sockeqwe/mosby,7,15,5494,17138,3.0,7.0,0.0,True
alibaba/freeline,https://github.com/alibaba/freeline,6,22,5487,5357,2.0,14.0,1.0,True
hanks-zyh/HTextView,https://github.com/hanks-zyh/HTextView,7,0,5478,3076,2.0,3.0,0.0,True
Vedenin/useful-java-links,https://github.com/Vedenin/useful-java-links,7,0,5467,5967,2.0,2.0,0.0,True
quartz-scheduler/quartz,https://github.com/quartz-scheduler/quartz,7,2,5464,42015,3.0,6.0,1.0,True
facebookarchive/rebound,https://github.com/facebookarchive/rebound,9,10,5455,4095,2.0,3.0,0.0,True
dm77/barcodescanner,https://github.com/dm77/barcodescanner,9,6,5454,2796,2.0,5.0,0.0,True
raphw/byte-buddy,https://github.com/raphw/byte-buddy,9,263,5454,273951,4.0,43.0,0.0,True
fuzhengwei/itstack-demo-design,https://github.com/fuzhengwei/itstack-demo-design,2,0,5451,3961,2.0,3.0,0.0,True
cabaletta/baritone,https://github.com/cabaletta/baritone,4,67,5444,18294,4.0,6.0,1.0,True
yanzhenjie/SwipeRecyclerView,https://github.com/yanzhenjie/SwipeRecyclerView,6,0,5428,9247,3.0,4.0,0.0,True
confluentinc/ksql,https://github.com/confluentinc/ksql,6,8,5427,205576,5.0,9.0,0.0,True
microg/GmsCore,https://github.com/microg/GmsCore,8,29,5425,37689,4.0,14.0,0.0,True
wiremock/wiremock,https://github.com/wiremock/wiremock,11,9,5414,42378,3.0,8.0,0.0,True
crazycodeboy/react-native-splash-screen,https://github.com/crazycodeboy/react-native-splash-screen,6,12,5408,246,2.5,2.0,0.5,True
evernote/android-job,https://github.com/evernote/android-job,7,31,5387,10693,4.0,30.0,1.0,True
jgilfelt/SystemBarTint,https://github.com/jgilfelt/SystemBarTint,9,3,5383,807,7.0,3.0,1.0,True
journeyapps/zxing-android-embedded,https://github.com/journeyapps/zxing-android-embedded,10,9,5363,5169,4.0,5.0,1.0,True
btraceio/btrace,https://github.com/btraceio/btrace,8,30,5361,39553,4.0,9.0,0.0,True
wasabeef/Blurry,https://github.com/wasabeef/Blurry,7,0,5360,636,3.5,1.0,0.0,True
apache/dubbo-spring-boot-project,https://github.com/apache/dubbo-spring-boot-project,5,13,5356,1908,6.0,2.0,0.0,True
jOOQ/jOOQ,https://github.com/jOOQ/jOOQ,11,0,5344,247931,7.0,36.0,4.0,True
scribejava/scribejava,https://github.com/scribejava/scribejava,12,9,5335,12671,2.0,5.0,1.0,True
hibernate/hibernate-orm,https://github.com/hibernate/hibernate-orm,12,16,5320,825621,5.0,30.0,1.0,True
evant/gradle-retrolambda,https://github.com/evant/gradle-retrolambda,9,37,5319,623,3.0,2.0,0.0,True
XRecyclerView/XRecyclerView,https://github.com/XRecyclerView/XRecyclerView,7,0,5318,5151,2.0,4.0,0.0,True
commonsguy/cw-omnibus,https://github.com/commonsguy/cw-omnibus,11,36,5309,71233,4.0,11.0,0.0,True
wuhaoyu1990/MagicCamera,https://github.com/wuhaoyu1990/MagicCamera,7,0,5299,13127,3.0,8.0,0.0,True
hazelcast/hazelcast,https://github.com/hazelcast/hazelcast,10,182,5274,1031911,4.0,580.0,1.0,True
yixia/VitamioBundle,https://github.com/yixia/VitamioBundle,10,0,5273,6501,3.0,4.0,0.0,True
KeepSafe/TapTargetView,https://github.com/KeepSafe/TapTargetView,6,23,5252,1948,2.0,3.0,0.0,True
lucasr/twoway-view,https://github.com/lucasr/twoway-view,10,0,5250,3688,4.0,6.0,1.0,True
h6ah4i/android-advancedrecyclerview,https://github.com/h6ah4i/android-advancedrecyclerview,8,1,5246,20692,4.0,13.0,0.0,True
motianhuo/wechat,https://github.com/motianhuo/wechat,7,0,5245,18495,3.0,5.0,0.0,True
Clans/FloatingActionButton,https://github.com/Clans/FloatingActionButton,7,14,5233,2805,2.0,5.0,0.0,True
gephi/gephi,https://github.com/gephi/gephi,11,19,5227,125020,3.0,20.0,0.0,True
ffay/lanproxy,https://github.com/ffay/lanproxy,6,1,5225,2668,3.0,4.0,0.0,True
xxv/android-lifecycle,https://github.com/xxv/android-lifecycle,8,0,5217,481,7.5,2.0,190.0,True
Yalantis/Side-Menu.Android,https://github.com/Yalantis/Side-Menu.Android,8,2,5212,449,2.0,2.0,0.0,True
thinkaurelius/titan,https://github.com/thinkaurelius/titan,11,0,5212,71163,3.0,7.0,1.0,True
TommyLemon/Android-ZBLibrary,https://github.com/TommyLemon/Android-ZBLibrary,7,25,5209,14602,2.0,5.0,0.0,True
AriaLyy/Aria,https://github.com/AriaLyy/Aria,7,26,5194,42723,3.0,7.0,1.0,True
square/otto,https://github.com/square/otto,10,0,5191,1987,1.0,5.0,0.0,True
Karumi/Dexter,https://github.com/Karumi/Dexter,7,33,5187,2197,3.0,5.0,0.0,True
danikula/AndroidVideoCache,https://github.com/danikula/AndroidVideoCache,7,20,5158,3217,3.0,4.0,1.0,True
Nepxion/Discovery,https://github.com/Nepxion/Discovery,4,126,5156,25705,4.0,6.0,0.0,True
vavr-io/vavr,https://github.com/vavr-io/vavr,9,17,5146,64395,4.0,9.0,1.0,True
beemdevelopment/Aegis,https://github.com/beemdevelopment/Aegis,6,51,5145,19283,4.0,8.0,1.0,True
auth0/java-jwt,https://github.com/auth0/java-jwt,9,43,5143,8775,3.5,6.0,1.0,True
facebook/shimmer-android,https://github.com/facebook/shimmer-android,8,5,5140,885,9.0,3.0,10.0,True
alipay/SoloPi,https://github.com/alipay/SoloPi,3,8,5139,56327,2.0,7.0,0.0,True
provectus/kafka-ui,https://github.com/provectus/kafka-ui,3,20,5139,14945,5.0,5.0,0.0,True
socketio/socket.io-client-java,https://github.com/socketio/socket.io-client-java,9,5,5084,5646,1.0,4.0,0.0,True
PowerJob/PowerJob,https://github.com/PowerJob/PowerJob,2,38,5083,18320,4.0,5.0,0.0,True
careercup/ctci,https://github.com/careercup/ctci,9,0,5077,11244,2.0,5.0,1.0,True
mybatis/generator,https://github.com/mybatis/generator,10,11,5050,72610,4.0,7.0,3.0,True
wequick/Small,https://github.com/wequick/Small,7,25,5021,7726,2.0,7.0,0.0,True
alibaba/UltraViewPager,https://github.com/alibaba/UltraViewPager,5,10,5016,1518,2.0,2.0,0.0,True
Trinea/android-common,https://github.com/Trinea/android-common,10,1,5012,6671,3.0,4.0,1.0,True
frogermcs/InstaMaterial,https://github.com/frogermcs/InstaMaterial,8,1,5010,2223,2.0,4.0,0.0,True
kiegroup/drools,https://github.com/kiegroup/drools,12,0,5007,734927,4.0,59.0,1.0,True
baidu/uid-generator,https://github.com/baidu/uid-generator,5,0,4987,873,1.0,4.0,1.0,True
